image,ID,Titre,Date de création,"Avec typo
ou sans typo",Style de typo ,geo ,Lat,lon,lon_lat,couleur,HSL,RGB
,1,Affiche Attention Travaux,1996,Oui,Sans Serif,Paris,48.8567,2.3508,48.8567 2.3508,#F0602F,"17, 87, 57"," 240, 96, 47"
,2,Affiche Pierre et Gilles,1996,Oui,Serif,Paris,48.9233,2.3488,48.9233 2.3488,#82796D,"36, 8, 48"," 130, 121, 109"
,3,Affiche All's well that sells well,1997,Oui,Sans Serif,Paris,48.8583,2.3429,48.8583 2.3429,#D9D8EC,"243, 30, 86"," 217, 216, 236"
,4,Affiche SOS - Kinderdorf,1997,Oui,Divers,Paris,48.8611,2.3333,48.8611 2.3333,#7E7C76,"33, 3, 48"," 126, 124, 118"
,5,Affiche 3ème mois du graphisme d'Echirolles,1992,Oui,Sans Serif,Paris,48.8778,2.3525,48.8778 2.3525,#303030,"0, 0, 19"," 48, 48, 48"
,6,Affiche Le tour 95,1995,Oui ,Sans Serif,Paris,48.8592,2.3447,48.8592 2.3447,#D8D87A,"60, 60, 66"," 216, 216, 122"
,7,Affiche La photographie,1997,Oui,Sans Serif,Paris,48.8464,2.3444,48.8464 2.3444,#171717,"0, 0, 9"," 23, 23, 23"
,8,Affiche Appel à candidatures,1993,Non ,Null,Paris,48.8619,2.3322,48.8619 2.3322,#784831,"18, 37, 29"," 120, 72, 49"
,9,Affiche Expo,1990,Oui,Sans Serif,Paris,48.8833,2.3417,48.8833 2.3417,#D7D7D6,"60, 1, 85"," 215, 215, 214"
,10,Affiche exposition,1991,Oui,Sans Serif,Paris,48.875,2.3583,48.875 2.3583,#D7D7D6,"60, 1, 85"," 215, 215, 214"
,11,"Affiche Planche du livret de l'exposition ""En quête d'objets"", Galerie des Enfants, au Centre Pompidou, de janvier à août 2000",1999,Non ,Null,Paris,48.8667,2.3444,48.8667 2.3444,#D7D7D6,"60, 1, 85"," 215, 215, 214"
,12,Affiche Les seringues,1995,Non ,Null,Paris,48.8497,2.3381,48.8497 2.3381,#483131,"0, 18, 25"," 72, 49, 49"
,13,Affiche Mode d'emploi,1995,Oui,Sans Serif,Paris,48.8683,2.3361,48.8683 2.3361,#F0F0F0,"0, 0, 94"," 240, 240, 240"
,14,Affiche Tout près d'ici nos prisons,1995,Oui,Sans Serif,Paris,48.8833,2.3461,48.8833 2.3461,#D5D748,"65, 61, 55"," 213, 215, 72"
,15,Affiche Tout près d'ici nos prisons,1995,Oui,Sans Serif,Paris,48.8306,2.3458,48.8306 2.3458,#D7BF2F,"50, 80, 55"," 215, 191, 47"
,16,Affiche Editorial,1995,Oui,Sans Serif,Paris,48.8794,2.3542,48.8794 2.3542,#D7BF2F,"50, 80, 55"," 215, 191, 47"
,17,Affiche Points de vue,1995,Oui,Sans Serif,Paris,48.8778,2.3422,48.8778 2.3422,#D7BF2F,"50, 80, 55"," 215, 191, 47"
,18,Affiche L'observatoire,1995,Oui,Sans Serif,Paris,48.8389,2.3525,48.8389 2.3525,#D7BF2F,"50, 80, 55"," 215, 191, 47"
,19,Affiche Dire le droit,1995,Oui,Sans Serif,Paris,48.8719,2.3506,48.8719 2.3506,#D7BF2F,"50, 80, 55"," 215, 191, 47"
,20,Affiche La protection juridique des personnes détenues,1995,Oui,Sans Serif,Paris,48.8494,2.3572,48.8494 2.3572,#D7BF2F,"50, 80, 55"," 215, 191, 47"
,21,Affiche Les prisonniers ont des droits,1995,Oui,Sans Serif,Paris,48.8364,2.3381,48.8364 2.3381,#F0F0F0,"0, 0, 94"," 240, 240, 240"
,22,Affiche La peine de mort,1995,Oui,Sans Serif,Paris,48.8883,2.3375,48.8883 2.3375,#F0F0F0,"0, 0, 94"," 240, 240, 240"
,23,Affiche La torture,1995,Oui,Sans Serif,Paris,48.8883,2.3325,48.8883 2.3325,#F0F0F0,"0, 0, 94"," 240, 240, 240"
,24,Affiche Les mauvais traitements,1995,Oui,Sans Serif,Paris,48.8856,2.3514,48.8856 2.3514,#D7D7D6,"60, 1, 85"," 215, 215, 214"
,25,Affiche Les suicides,1995,Oui,Sans Serif,Paris,48.8428,2.3492,48.8428 2.3492,#F0F0F0,"0, 0, 94"," 240, 240, 240"
,26,Affiche Les femmes,1995,Oui,Sans Serif,Paris,48.8744,2.3494,48.8744 2.3494,#F0F0F0,"0, 0, 95"," 240, 240, 240"
,27,Affiche Les mineurs,1995,Oui ,Sans Serif,Paris,48.8911,2.3383,48.8911 2.3383,#F0F0F0,"0, 0, 96"," 240, 240, 240"
,28,Affiche L'alimentation,1995,Oui,Sans Serif,Paris,48.8444,2.3383,48.8444 2.3383,#F0F0F0,"0, 0, 97"," 240, 240, 240"
,29,Affiche L'hygiène,1995,Oui,Sans Serif,Paris,48.8478,2.3556,48.8478 2.3556,#F0F0F0,"0, 0, 98"," 240, 240, 240"
,30,Affiche La santé,1995,Oui,Sans Serif,Paris,48.8989,2.3478,48.8989 2.3478,#F0F0F0,"0, 0, 99"," 240, 240, 240"
,31,Affiche Le sida,1995,Oui,Sans Serif,Paris,48.8333,2.3383,48.8333 2.3383,#F0F0F0,"0, 0, 100"," 240, 240, 240"
,32,Affiche La toxicomanie,1995,Oui ,Sans Serif,Paris,48.8306,2.3506,48.8306 2.3506,#F0F0F0,"0, 0, 101"," 240, 240, 240"
,33,Affiche La sexualité,1995,Oui ,Sans Serif,Paris,48.8361,2.3403,48.8361 2.3403,#F0F0F0,"0, 0, 102"," 240, 240, 240"
,34,Affiche Les liens familiaux,1995,Oui ,Sans Serif,Paris,48.8928,2.3514,48.8928 2.3514,#F0F0F0,"0, 0, 103"," 240, 240, 240"
,35,Affiche La garde à vue,1995,Oui ,Sans Serif,Paris,48.8333,2.3425,48.8333 2.3425,#F0F0F0,"0, 0, 104"," 240, 240, 240"
,36,Affiche Le droit de défense,1995,Oui,Sans Serif,Paris,48.8944,2.3306,48.8944 2.3306,#F0F0F0,"0, 0, 105"," 240, 240, 240"
,37,Affiche Les locaux,1995,Oui,Sans Serif,Paris,48.8544,2.3422,48.8544 2.3422,#F0F0F0,"0, 0, 106"," 240, 240, 240"
,38,Affiche La surpopulation,1995,Oui,Sans Serif,Paris,48.8472,2.3403,48.8472 2.3403,#F0F0F0,"0, 0, 107"," 240, 240, 240"
,39,Affiche Les régimes de détention,1995,Oui,Sans Serif,Paris,48.9056,2.3494,48.9056 2.3494,#F0F0F0,"0, 0, 108"," 240, 240, 240"
,40,Affiche L'isolement,1995,Oui ,Sans Serif,Paris,48.8478,2.3425,48.8478 2.3425,#F0F0F0,"0, 0, 109"," 240, 240, 240"
,41,Affiche Les sanctions disciplinaires,1995,Oui,Sans Serif,Paris,48.8994,2.3458,48.8994 2.3458,#F0F0F0,"0, 0, 110"," 240, 240, 240"
,42,Affiche Les mouvements de contestations,1995,Oui,Sans Serif,Paris,48.8422,2.3425,48.8422 2.3425,#F0F0F0,"0, 0, 111"," 240, 240, 240"
,43,Affiche Les surveillants,1995,Oui,Sans Serif,Paris,48.8511,2.3439,48.8511 2.3439,#F0F0F0,"0, 0, 112"," 240, 240, 240"
,44,Affiche Racisme et discriminations,1995,Oui,Sans Serif,Paris,48.9083,2.3483,48.9083 2.3483,#D7D7D6,"60, 1, 85"," 215, 215, 214"
,45,Affiche Le travail,1995,Oui ,Sans Serif,Paris,48.8517,2.3592,48.8517 2.3592,#D7D7D6,"60, 1, 85"," 215, 215, 214"
,46,Affiche La formation,1995,Oui,Sans Serif,Paris,48.8644,2.3494,48.8644 2.3494,#F0F0F0,"0, 0, 94"," 240, 240, 240"
,47,Affiche La culture,1995,Oui ,Sans Serif,Paris,48.9206,2.3583,48.9206 2.3583,#F0F0F0,"0, 0, 94"," 240, 240, 240"
,48,Affiche Témoignages,1995,Oui ,Sans Serif,Paris,48.9206,2.3583,48.9206 2.3583,#D7BF2F,"50, 80, 55"," 215, 191, 47"
,49,Affiche Complicités,1995,Oui ,Sans Serif,Paris,48.9206,2.3583,48.9206 2.3583,#D7BF2F,"50, 80, 55"," 215, 191, 47"
,50,Affiche Agir avec l'OIP,1995,Non ,Null,Paris,48.9206,2.3583,48.9206 2.3583,#D7BF2F,"50, 80, 55"," 215, 191, 47"
,51,Affiche Mains et barreaux,1995,Oui,Sans Serif,Paris,48.9206,2.3583,48.9206 2.3583,#F0F0F0,"0, 0, 94"," 240, 240, 240"
,52,Affiche Networks & system management Olivetti,1993,Oui,Divers,Paris,48.9206,2.3583,48.9206 2.3583,#D7D7D6,"60, 1, 85"," 215, 215, 214"
,53,Affiche Mumia Abu-Jamal,1999,Oui,Sans Serif,Paris,48.9207,2.3583,48.9207 2.3583,#494949,"0, 0, 29"," 73, 73, 73"
,54,Affiche pour la fête de la musique,1999,Oui ,Sans Serif,Paris,48.9208,2.3583,48.9208 2.3583,#D7D7D6,"60, 1, 85"," 215, 215, 214"
,55,Affiche pour la fête de la musique,1999,Oui ,Sans Serif,Paris,48.9209,2.3583,48.9209 2.3583,#D7D7EC,"240, 16, 87"," 215, 215, 236"
,56,Affiche pour la fête de la musique,1999,Oui ,Sans Serif,Paris,48.9210,2.3583,48.9210 2.3583,#D7D7D6,"60, 1, 85"," 215, 215, 214"
,57,Affiche Etude pour la fête de la musique,1999,Oui,Divers,Paris,48.9211,2.3583,48.9211 2.3583,#F0F0F0,"0, 0, 94"," 240, 240, 240"
,58,Affiche pour la fête de la musique,1992,Oui,Divers,Paris,48.9212,2.3583,48.9212 2.3583,#D7D7D6,"60, 1, 85"," 215, 215, 214"
,59,Affiche pour la fête de la musique,1992,Oui,Sans Serif,Paris,48.9213,2.3583,48.9213 2.3583,#F0F0F0,"0, 0, 94"," 240, 240, 240"
,60,Affiche pour la fête de la musique,1992,Oui,Divers,Paris,48.9214,2.3583,48.9214 2.3583,#EDEED7,"60, 24, 87"," 237, 238, 215"
,61,Affiche pour la fête de la musique,1991,Non ,Null,Paris,48.9215,2.3583,48.9215 2.3583,#D7D7D6,"60, 1, 85"," 215, 215, 214"
,62,Affiche Cactus,1995,Non ,Null,Paris,48.9216,2.3583,48.9216 2.3583,#A7C179,," 167, 193, 121"
,63,Affiche Sans titre,1996,Non ,Null,Paris,48.9217,2.3583,48.9217 2.3583,#0,," 0, 0, 0"
,64,Affiche Mains,1995,Oui,Sans Serif,Paris,48.9218,2.3583,48.9218 2.3583,#303030,," 48, 48, 48"
,65,"Affiche Montluçon, la ville c'est vous",1990,Oui ,Sans Serif,Paris,48.9219,2.3583,48.9219 2.3583,#F0F0F0,," 240, 240, 240"
,66,Affiche JAZZZ,1990,Oui,Sans Serif,Paris,48.9220,2.3583,48.9220 2.3583,#301919,," 48, 25, 25"
,67,"Affiche TBBlues Rythm and Blues, Soul Music",1990,Oui ,Serif,Paris,48.9221,2.3583,48.9221 2.3583,#F0F0F0,," 240, 240, 240"
,68,Affiche XXIV Ogolnopolska,1990,Oui,Divers,Paris,48.9222,2.3583,48.9222 2.3583,#1B0B0D,,"27, 11, 13"
,69,Affiche 3èmes rencontres de recherche et d'innovation en psychiatrie,1990,Oui ,Serif,Paris,48.9223,2.3583,48.9223 2.3583,#0,," 0, 0, 0"
,70,Affiche [Institut Polonais],1990,Oui,Serif,Paris,48.9224,2.3583,48.9224 2.3583,#171717,," 23, 23, 23"
,71,Affiche Roman Cieslewicz,1991,Oui,Sans Serif,Paris,48.9225,2.3583,48.9225 2.3583,#F0F0F0,," 240, 240, 240"
,72,Affiche Kamikaze,1991,Oui ,Sans Serif,Paris,48.9226,2.3583,48.9226 2.3583,#F0F0F0,," 240, 240, 240"
,73,Affiche Le vrai bonheur c'est d'avoir pour métier sa passion,1992,Oui,Sans Serif,Paris,48.9227,2.3583,48.9227 2.3583,#171717,," 23, 23, 23"
,74,Affiche Défense d'afficher. Affichistes de qualité,1992,Oui,Sans Serif,Grenoble,48.9228,2.3583,48.9228 2.3583,#D7D7D6,," 215, 215, 214"
,75,Affiche Défense d'afficher - Affichistes de qualité,1992,Oui,Sans Serif,Grenoble,48.9229,2.3583,48.9229 2.3583,#C0C0C0,," 192, 192, 192"
,76,Affiche Roman Cieslewicz posters & collages,1993,Oui,Serif,Paris,48.9230,2.3583,48.9230 2.3583,#F0F0F0,," 240, 240, 240"
,77,Affiche Pierre Chareau Roman Cieslewicz Roger Tallon,1993,Oui,Serif,Paris,48.9231,2.3583,48.9231 2.3583,#171717,," 23, 23, 23"
,78,"Pierre Chareau, Roman Cieslewicz, Roger Tallon",1993,Oui,Sans Serif,Grenoble,45.1906,5.7158,45.1906 5.7158,#D7D7D6,," 215, 215, 214"
,79,"Exposition P. Chareau, R. Cieslewicz, R. Tallon, Centre Georges Pompidou",1993,Oui ,Divers,Grenoble,45.1906,5.7158,45.1906 5.7158,#D7D7D6,," 215, 215, 214"
,80,"Exposition P. Chareau, R. Cieslewicz, R. Tallon, Centre Georges Pompidou",1993,Oui,Divers,Grenoble,45.1906,5.7158,45.1906 5.7158,#D5D8C1,," 213, 216, 193"
,81,"Exposition P. Chareau, R. Cieslewicz, R. Tallon, Centre Georges Pompidou",1993,Oui,Divers,Grenoble,45.1906,5.7158,45.1906 5.7158,#C0C0C0,," 192, 192, 192"
,82,"Exposition P. Chareau, R. Cieslewicz, R. Tallon, Centre Georges Pompidou",1993,Oui,Serif,Grenoble,45.1906,5.7158,45.1906 5.7158,#D7D7D6,," 215, 215, 214"
,83,"Exposition P. Chareau, R. Cieslewicz, R. Tallon, Centre Georges Pompidou, ""30 ans d'images""",1993,Oui,Serif,Grenoble,45.1906,5.7158,45.1906 5.7158,#D7D7D6,," 215, 215, 214"
,84,"Exposition P. Chareau, R. Cieslewicz, R. Tallon, Centre Georges Pompidou, ""30 ans d'images""",1993,Oui,Serif,Grenoble,45.1906,5.7158,45.1906 5.7158,#171717,," 23, 23, 23"
,85,"Affiche Exposition P. Chareau, R. Cieslewicz, R. Tallon, Centre Georges Pompidou",1993,Oui,Serif,Grenoble,45.1906,5.7158,45.1906 5.7158,#D7D7D6,," 215, 215, 214"
,86,"Affiche Exposition P. Chareau, R. Cieslewicz, R. Tallon, Centre Georges Pompidou",1993,Oui,Serif,Grenoble,45.1906,5.7158,45.1906 5.7158,#D7D7D6,," 215, 215, 214"
,87,"Affiche Exposition P. Chareau, R. Cieslewicz, R. Tallon, Centre Georges Pompidou",1993,Oui,Serif,Grenoble,45.1906,5.7158,45.1906 5.7158,#171717,," 23, 23, 23"
,88,"Affiche Exposition P. Chareau, R. Cieslewicz, R. Tallon, Centre Georges Pompidou",1993,Oui,Serif,Grenoble,45.1906,5.7158,45.1906 5.7158,#171717,," 23, 23, 23"
,89,"Affiche Exposition P. Chareau, R. Cieslewicz, R. Tallon, Centre Georges Pompidou",1993,Oui,Serif,Grenoble,45.1906,5.7158,45.1906 5.7158,#A53123,," 165, 49, 35"
,90,"Affiche Exposition P. Chareau, R. Cieslewicz, R. Tallon, Centre Georges Pompidou",1993,Oui,Serif,Grenoble,45.1906,5.7158,45.1906 5.7158,#171717,," 23, 23, 23"
,91,"Logo Exposition P. Chareau, R. Cieslewicz, R. Tallon, Centre Georges Pompidou",1993,Oui,Serif,Grenoble,45.1906,5.7158,45.1906 5.7158,#171717,," 23, 23, 23"
,92,"Affiche Exposition P. Chareau, R. Cieslewicz, R. Tallon, Centre Georges Pompidou",1993,Oui,Serif,Grenoble,45.1906,5.7158,45.1906 5.7158,#D7D7D6,," 215, 215, 214"
,93,"Affiche Exposition P. Chareau, R. Cieslewicz, R. Tallon, Centre Georges Pompidou",1993,Oui,Serif,Grenoble,45.1907,5.7158,45.1907 5.7158,#D7D7D6,," 215, 215, 214"
,94,"Affiche Exposition P. Chareau, R. Cieslewicz, R. Tallon, Centre Georges Pompidou",1993,Oui,Serif,Grenoble,45.1908,5.7158,45.1908 5.7158,#D7D7D6,," 215, 215, 214"
,95,"Affiche Exposition P. Chareau, R. Cieslewicz, R. Tallon, Centre Georges Pompidou",1993,Oui,Serif,Grenoble,45.1909,5.7158,45.1909 5.7158,#171717,," 23, 23, 23"
,96,"Affiche Exposition P. Chareau, R. Cieslewicz, R. Tallon, Centre Georges Pompidou",1993,Oui,Sans Serif,Grenoble,45.1910,5.7158,45.1910 5.7158,#D7D7D6,," 215, 215, 214"
,97,Affiche Amis protégez,1994,Oui,Sans Serif,Paris,48.8567,2.3508,48.8567 2.3508,#FFFFFF,," 255, 255, 255"
,98,Affiche Roman Cieslewicz Retrospektyva,1994,Oui,Sans Serif,Paris,48.8567,2.3508,48.8567 2.3508,#0,," 0, 0, 0"
,99,Roman Cieslewicz graphiste Centre Georges Pompidou,1994,Non ,Null,Grenoble,45.1909,5.7158,45.1909 5.7158,#D7D7D6,," 215, 215, 214"
,100,Affiche Le lit,1995,Oui,Sans Serif,Paris,48.8567,2.3508,48.8567 2.3508,#5F3119,," 95, 49, 25"
,101,Affiche Il n'est pas 15 heures,1996,Oui,Divers,Paris,48.8567,2.3508,48.8567 2.3508,#5E6049,," 94, 96, 73"
,102,Affiche pour la fête de la musique,1993,Oui,Divers,Paris,48.8567,2.3508,48.8567 2.3508,#D7D7D6,," 215, 215, 214"
,103,Affiche pour la fête de la musique,1993,Oui,Sans Serif,Paris,48.8567,2.3508,48.8567 2.3508,#F0F0F0,," 240, 240, 240"
,104,Affiche pour la fête de la musique,1993,Oui ,Divers,Paris,48.8567,2.3508,48.8567 2.3508,#D7D7D6,," 215, 215, 214"
,105,Affiche pour la fête de la musique,1996,Oui,Divers,Paris,48.8567,2.3508,48.8567 2.3508,#F0F0F0,," 240, 240, 240"
,106,Affiche pour la fête de la musique,1996,Oui ,Sans Serif,Paris,48.8567,2.3508,48.8567 2.3508,#F0F0F0,," 240, 240, 240"
,107,Affiche pour la fête de la musique,1996,Oui,Sans Serif,Paris,48.8567,2.3508,48.8567 2.3508,#D7D7D6,," 215, 215, 214"
,108,Affiche pour la fête de la musique,1996,Non ,Null,Paris,48.8567,2.3508,48.8567 2.3508,#D7D7D6,," 215, 215, 214"
,109,Identité graphique Etude pour la Célébration de l'an 2000,1997,Oui,Sans Serif,Paris,48.8567,2.3508,48.8567 2.3508,#171717,," 23, 23, 23"
,110,Affiche Le parvis 93'94 vingtième saison,1993,Oui,Sans Serif,Paris,48.8567,2.3508,48.8567 2.3508,#141730,," 20, 23, 48"
,111,Affiche Théâtre Garonne Saison 94'95,1994,oui,Sans Serif,Paris,48.8567,2.3508,48.8567 2.3508,#171717,," 23, 23, 23"
,112,Affiche Jeudi théâtre,1994,Oui,Sans Serif,Paris,48.8567,2.3508,48.8567 2.3508,#90321E,," 144, 50, 30"
,113,Affiche Théâtre Garonne 1995/1996,1995,Oui,Sans Serif,Paris,48.8567,2.3508,48.8567 2.3508,#7779A8,," 119, 121, 168"
,114,Affiche Festival de rue de Ramonville,1995,Oui,Sans Serif,Paris,48.8567,2.3508,48.8567 2.3508,#C0C0C0,," 192, 192, 192"
,115,Affiche Festival de rue de Ramonville,1995,Oui ,Sans Serif,Paris,48.8567,2.3508,48.8567 2.3508,#C0C0C0,," 192, 192, 192"
,116,Affiche L'Adret,1996,Oui,Sans Serif,Paris,48.8567,2.3508,48.8567 2.3508,#8D90BE,," 141, 144, 190"
,117,Affiche L'Adret,1996,Non,Null,Paris,48.8567,2.3508,48.8567 2.3508,#5D78A8,," 93, 120, 168"
,118,Affiche Théâtre Garonne,1996,Oui,Sans Serif,Paris,48.8567,2.3508,48.8567 2.3508,#757891,," 117, 120, 145"
,119,Affiche Théâtre Garonne Saison 97'98,1997,Oui,Sans Serif,Paris,48.8567,2.3508,48.8567 2.3508,#BDBFA7,," 189, 191, 167"
,120,Affiche Rétrospective Ronald Curchod Affiches,1997,Oui,Sans Serif,Paris,48.8567,2.3508,48.8567 2.3508,#A79032,," 167, 144, 50"
,121,Affiche Théâtre Garonne,1998,Oui ,Sans Serif,Paris,48.8567,2.3508,48.8567 2.3508,#904932,," 144, 73, 50"
,122,Affiche pour la fête de la musique,1997,Oui ,Divers,Paris,48.8567,2.3508,48.8567 2.3508,#D7A82C,," 215, 168, 44"
,123,Affiche pour la fête de la musique,1997,Oui,Divers,Paris,48.8567,2.3508,48.8567 2.3508,#F0F0F0,," 240, 240, 240"
,124,Affiche pour la fête de la musique,1997,Oui ,Divers,Paris,48.8567,2.3508,48.8567 2.3508,#D7A82C,," 215, 168, 44"
,125,Affiche Etude d'une affiche pour la fête de la musique du 21 juin 1997,1997,Oui,Divers,Paris,48.8568,2.3508,48.8568 2.3508,#303060,," 48, 48, 96"
,126,Affiche Samedi 5 mai,1990,Oui,Divers,Paris,48.8569,2.3508,48.8569 2.3508,#90321E,," 144, 50, 30"
,127,Affiche Samedi 5 mai,1990,Oui,Divers,Paris,48.8570,2.3508,48.8570 2.3508,#783118,," 120, 49, 24"
,128,Affiche Samedi 5 mai,1990,Oui ,Divers,Paris,48.8571,2.3508,48.8571 2.3508,#497939,," 73, 121, 57"
,129,Affiche Samedi 5 mai,1990,Oui,Divers,,48.8572,2.3508,48.8572 2.3508,#497939,," 73, 121, 57"
,130,Affiche Les points sur les M,1994,Oui ,Divers,Paris,48.8573,2.3508,48.8573 2.3508,#78A8C0,," 120, 168, 192"
,131,Affiche Holland Dance Festival du 4 au 21 févreier 1998,1998,Oui, Sans Serif,Paris,48.8574,2.3508,48.8574 2.3508,#303030,," 48, 48, 48"
,132,Affiche Inside,1995,Oui,Sans Serif,Paris,48.8575,2.3508,48.8575 2.3508,#F1F0F0,," 241, 240, 240"
,133,Affiche Outside,1995,Oui,Divers,Paris,48.8576,2.3508,48.8576 2.3508,#F1F0F0,," 241, 240, 240"
,134,Affiche Echo raleur,1991,Oui ,Divers,Paris,48.8577,2.3508,48.8577 2.3508,#D8D8C0,," 216, 216, 192"
,135,Affiche Lutte contre la souffrance,1994,Non ,Null,Paris,48.8578,2.3508,48.8578 2.3508,#D8D8D8,," 216, 216, 216"
,136,Affiche Petite fille et bouteille,1990,Non ,Null,Paris,48.8579,2.3508,48.8579 2.3508,#181818,," 24, 24, 24"
,137,Affiche Le monde et les bras,1991,Non ,Null,Paris,48.8580,2.3508,48.8580 2.3508,#D8D8D8,," 216, 216, 216"
,138,Affiche Les coudes,1991,Non ,Null,Paris,48.8581,2.3508,48.8581 2.3508,#181818,," 24, 24, 24"
,139,Affiche Le trou,1991,Non ,Null,Paris,48.8582,2.3508,48.8582 2.3508,#A9A8A9,," 169, 168, 169"
,140,Tête,1994,Non ,Null,Paris,48.8583,2.3508,48.8583 2.3508,#C0C0C0,," 192, 192, 192"
,141,Trou,1994,Non ,Null,Paris,48.8584,2.3508,48.8584 2.3508,#909090,," 144, 144, 144"
,142,Affiche La pêcheuse de coquillages,1994,Non ,Null,Paris,48.8585,2.3508,48.8585 2.3508,#484849,," 72, 72, 73"
,143,Sac,1995,Non ,Null,Paris,48.8586,2.3508,48.8586 2.3508,#303030,," 48, 48, 48"
,144,Affiche Les sauteurs,1995,Non ,Null,Paris,48.8587,2.3508,48.8587 2.3508,#D8D8D8,," 216, 216, 216"
,145,Affiche Octopus,1995,Non ,Null,Paris,48.8588,2.3508,48.8588 2.3508,#F1F0F0,," 241, 240, 240"
,146,Coudes,1996,Non ,Null,Paris,48.8589,2.3508,48.8589 2.3508,#0,," 0, 0, 0"
,147,Jeune fille à la Havane,1996,Non ,Null,Paris,48.8590,2.3508,48.8590 2.3508,#C0C0C0,," 192, 192, 192"
,148,Le monde et les bras,1996,Non ,Null,Paris,48.8591,2.3508,48.8591 2.3508,#0,," 0, 0, 0"
,149,Pêcheuse de coquillage,1996,Non ,Null,Paris,48.8592,2.3508,48.8592 2.3508,#303030,," 48, 48, 48"
,150,Affiche Cracheur de feu,1996,Non ,Null,Paris,48.8593,2.3508,48.8593 2.3508,#181818,," 24, 24, 24"
,151,Affiche Jeune fille à l'arrêt,1996,Non ,Null,Paris,48.8594,2.3508,48.8594 2.3508,#303030,," 48, 48, 48"
,152,Affiche Jeune fille cubaine,1996,Non ,Null,Paris,48.8595,2.3508,48.8595 2.3508,#D8D8D8,," 216, 216, 216"
,153,Affiche Le lapin sur la main,1996,Non ,Null,Paris,48.8596,3.3508,48.8596 3.3508,#303030,," 48, 48, 48"
,154,Affiche Un saut à Cuba,1996,Non ,Null,Paris,48.8597,3.3508,48.8597 3.3508,#D8D8D8,," 216, 216, 216"
,155,Affiche Le scooter,1996,Non ,Null,Paris,48.8598,3.3508,48.8598 3.3508,#F1F0F0,," 241, 240, 240"
,156,S. au revolver,1997,Non ,Null,Paris,48.8599,3.3508,48.8599 3.3508,#0,," 0, 0, 0"
,157,Affiche Femme au journal,1997,Non ,Null,Paris,48.8600,3.3508,48.8600 3.3508,#D8D8D8,," 216, 216, 216"
,158,Affiche Cactus,1997,Non ,Null,Paris,48.8601,3.3508,48.8601 3.3508,#181818,," 24, 24, 24"
,159,Affiche S. au revolver,1997,Non ,Null,Paris,48.8602,3.3508,48.8602 3.3508,#181818,," 24, 24, 24"
,160,Affiche Drapeau,1997,Non ,Null,Paris,48.8603,3.3508,48.8603 3.3508,#C0C0C0,," 192, 192, 192"
,161,Affiche Le feu dans la piscine,1997,Non ,Null,Paris,48.8604,3.3508,48.8604 3.3508,#181818,," 24, 24, 24"
,162,Saut à Cuba,1998,Non ,Null,Paris,48.8605,3.3508,48.8605 3.3508,#C0C0C0,," 192, 192, 192"
,163,Affiche J. au téléphone,1998,Non ,Null,Paris,48.8606,3.3508,48.8606 3.3508,#797979,," 121, 121, 121"
,164,Affiche L. à la datura,1998,Non ,Null,Paris,48.8607,3.3508,48.8607 3.3508,#C0C0C0,," 192, 192, 192"
,165,Cactus oeufs,1999,Non ,Null,Paris,48.8608,3.3508,48.8608 3.3508,#181818,," 24, 24, 24"
,166,Cracheur de feu,1999,Non ,Null,Paris,48.8609,3.3508,48.8609 3.3508,#783118,," 120, 49, 24"
,167,Drapeau,1999,Non ,Null,Paris,48.8610,3.3508,48.8610 3.3508,#D8D8D8,," 216, 216, 216"
,168,Femme au Journal,1999,Non ,Null,Paris,48.8611,3.3508,48.8611 3.3508,#D8D8D8,," 216, 216, 216"
,169,Jeune fille à l'arrêt,1999,Non ,Null,Paris,48.8612,3.3508,48.8612 3.3508,#C0C0C0,," 192, 192, 192"
,170,L. à l'atterrissage des avions,1999,Non ,Null,Paris,48.8613,3.3508,48.8613 3.3508,#C0C0D7,," 192, 192, 215"
,171,Lapin sur la main,1999,Non ,Null,Paris,48.8614,3.3508,48.8614 3.3508,#D7C0A8,," 215, 192, 168"
,172,S. à la guerre,1999,Non ,Null,Paris,48.8615,3.3508,48.8615 3.3508,#0,," 0, 0, 0"
,173,Sauter,1999,Non ,Null,Paris,48.8616,3.3508,48.8616 3.3508,#C0C0C0,," 192, 192, 192"
,174,Scooter,1999,Non ,Null,Paris,48.8617,3.3508,48.8617 3.3508,#484849,," 72, 72, 73"
,175,Tour,1999,Non ,Null,Paris,48.8618,3.3508,48.8618 3.3508,#C0C0C0,," 192, 192, 192"
,176,Affiche S. aux boules,1999,Non ,Null,Paris,48.8619,3.3508,48.8619 3.3508,#C1A991,," 193, 169, 145"
,177,Affiche S. à la guerre,1999,Non ,Null,Paris,48.8620,3.3508,48.8620 3.3508,#181818,," 24, 24, 24"
,178,Affiche L. à l'atterrissage des avions,1999,Non ,Null,Paris,48.8621,3.3508,48.8621 3.3508,#F1F0F0,," 241, 240, 240"
,179,Affiche La tour,1999,Non,Null,Paris,48.8622,3.3508,48.8622 3.3508,#A9A8A9,," 169, 168, 169"
,180,Affiche Point info,1995,Oui,Serif,Paris,48.8623,3.3508,48.8623 3.3508,#A9A8A9,," 169, 168, 169"
,181,Urgent,1997,Non ,Null,Paris,48.8624,3.3508,48.8624 3.3508,#FFFFFF,," 255, 255, 255"
,182,Affiche Les pavés,1995,Oui,Sans Serif,Paris,48.8625,3.3508,48.8625 3.3508,#313048,," 49, 48, 72"
,183,Affiche L'Univers de Borgès Amériques latines du 12 novembre 1992 au 1er février 1993,1992,Oui,Serif,Paris,48.8626,3.3508,48.8626 3.3508,#F1F0F0,," 241, 240, 240"
,184,Affiche Meubles d'en France,1995,Oui,Serif,Paris,48.8627,4.3508,48.8627 4.3508,#20245B,," 32, 36, 91"
,185,Affiche Visage écrasé,1995,Oui,Serif,Paris,48.8628,4.3508,48.8628 4.3508,#A8782E,," 168, 120, 46"
,186,Affiche Stéréo,1995,Oui,Sans Serif,Paris,48.8629,4.3508,48.8629 4.3508,#181818,," 24, 24, 24"
,187,Affiche Pour un avenir au futur,1991,Oui,Serif,Paris,48.8630,4.3508,48.8630 4.3508,#F1F0F0,," 241, 240, 240"
,188,Identité graphique pour la Célébration de l'an 2000,1997,Oui,Serif,Paris,48.8631,4.3508,48.8631 4.3508,#303030,," 48, 48, 48"
,189,Affiche En ligne,1995,Oui,Sans Serif,Paris,48.8632,4.3508,48.8632 4.3508,#181818,," 24, 24, 24"
,190,Affiche Recherches d'histoires...,1996,Oui,Divers,Paris,48.8633,4.3508,48.8633 4.3508,#D8C0C0,," 216, 192, 192"
,191,"Affiche Observatoire international des prisons, les portemanteaux",1995,Oui,Divers,Paris,48.8634,4.3508,48.8634 4.3508,#909047,," 144, 144, 71"
,192,Affiche Sens de la vie,1994,Oui,Divers,Paris,48.8635,4.3508,48.8635 4.3508,#D8D8D8,," 216, 216, 216"
,193,Affiche Sens des affaires,1994,Oui,Sans Serif,Paris,48.8636,4.3508,48.8636 4.3508,#D8D8D8,," 216, 216, 216"
,194,Affiche Rub'n'ruz,1996,Oui,Sans Serif,Paris,48.8637,4.3508,48.8637 4.3508,#F1F0F0,," 241, 240, 240"
,195,Affiche Festival d'affiches du 5 au 27 juin 1993,1992,Oui ,Sans Serif,Paris,48.8638,4.3508,48.8638 4.3508,#A8C0C0,," 168, 192, 192"
,196,Affiche Plakatmuseum,1995,Oui,Sans Serif,Paris,48.8639,4.3508,48.8639 4.3508,#F0F0D9,," 240, 240, 217"
,197,Affiche pour la fête de la musique,1995,Oui,Sans Serif,Paris,48.8640,4.3508,48.8640 4.3508,#D8D8D8,," 216, 216, 216"
,198,Affiche pour la fête de la musique,1995,Oui,Sans Serif,Paris,48.8641,4.3508,48.8641 4.3508,#F1F0F0,," 241, 240, 240"
,199,Affiche pour la fête de la musique,1995,Non ,Null,Paris,48.8642,4.3508,48.8642 4.3508,#F1F0F0,," 241, 240, 240"
,200,Affiche Etude pour la Célébration du premier siècle du cinéma,1994,Non,Null,Paris,48.8643,4.3508,48.8643 4.3508,#1A6060,," 26, 96, 96"
,201,Affiche ART,1992,Oui,Sans Serif,Paris,48.8644,4.3508,48.8644 4.3508,#D8D8D8,," 216, 216, 216"
,202,Affiche Slash,1992,Non,Null,Paris,48.8645,4.3508,48.8645 4.3508,#303030,," 48, 48, 48"
,203,Affiche Slash,1992,Non,Null,Paris,48.8646,4.3508,48.8646 4.3508,#303030,," 48, 48, 48"
,204,Affiche Fritz Lang,1993,Oui,Sans Serif,Paris,48.8647,4.3508,48.8647 4.3508,#F1F0F0,," 241, 240, 240"
,205,Affiche Retrospective Frietz Lang,1993,Oui,Sans Serif,Paris,48.8648,4.3508,48.8648 4.3508,#D8D8D8,," 216, 216, 216"
,206,Affiche Robot,1994,Oui,Sans Serif,Paris,48.8649,4.3508,48.8649 4.3508,#A8C0C0,," 168, 192, 192"
,207,Affiche L'augmentation,1994,Non,Null,Paris,48.8650,4.3508,48.8650 4.3508,#181818,," 24, 24, 24"
,208,Affiche Le monde,1995,Oui,Sans Serif,Paris,48.8651,4.3508,48.8651 4.3508,#C0C0C0,," 192, 192, 192"
,209,Affiche L'argent,1999,Oui,Sans Serif,Paris,48.8652,4.3508,48.8652 4.3508,#D8D8D8,," 216, 216, 216"
,210,Nous voulons en finir avec ce monde irréel,1994,Oui,Divers,Caen,49.1012,-0.4098,49.1012 -0.4098,#1978A8,," 25, 120, 168"
,211,Prêt à crever ?,1994,Oui,Divers,Caen,49.1012,-0.4098,49.1012 -0.4098,#A9C0D7,," 169, 192, 215"
,212,Rumeur,1996,Oui,Sans Serif,Caen,49.1012,-0.4098,49.1012 -0.4098,#303030,," 48, 48, 48"
,213,Troubles,1997,Oui,Sans Serif,Caen,49.1012,-0.4098,49.1012 -0.4098,#313048,," 49, 48, 72"
,214,Son et lumière,1998,Oui,Sans Serif,Caen,49.1012,-0.4098,49.1012 -0.4098,#786049,," 120, 96, 73"
,215,Kollaps,1999,Oui,Sans Serif,Caen,49.1012,-0.4098,49.1012 -0.4098,#EE3424,," 238, 52, 36"
,216,"Affiche Collection jaune, collection rouge",1996,Non,Null,Paris,48.8652,4.3508,48.8652 4.3508,#C0C0C0,," 192, 192, 192"
,217,Identité graphique Etude pour la Célébration de l'an 2000,1997,Oui,Sans Serif,Paris,48.8652,4.3508,48.8652 4.3508,#F1F0F0,," 241, 240, 240"
,218,Affiche Yeux clos,1995,Oui,Divers,Paris,48.8653,4.3508,48.8653 4.3508,#181818,," 24, 24, 24"
,219,Affiche Un captif amoureux Festival d'Automne,1995,Oui,Sans Serif,Paris,48.8654,4.3508,48.8654 4.3508,#0,," 0, 0, 0"
,220,Affiche Global Tekno,1996,Oui,Divers,Paris,48.8655,4.3508,48.8655 4.3508,#616078,," 97, 96, 120"
,221,Affiche Soir de fête,1996,Oui,Sans Serif,Paris,48.8656,4.3508,48.8656 4.3508,#181818,," 24, 24, 24"
,222,"Affiche Nuit Blanche, scènes nordiques",1998,Oui,Sans Serif,Paris,48.8657,5.3508,48.8657 5.3508,#D8D8D8,," 216, 216, 216"
,223,Affiche Mannequins,1995,Oui,Sans Serif,Paris,48.8658,5.3508,48.8658 5.3508,#907860,," 144, 120, 96"
,224,Identité graphique Etude pour la Célébration de l'an 2000,1997,Oui,Sans Serif,Paris,48.8659,5.3508,48.8659 5.3508,#171730,," 23, 23, 48"
,225,Affiche Attablé,1995,Oui,Sans Serif,Paris,48.8660,5.3508,48.8660 5.3508,#303030,," 48, 48, 48"
,226,"Affiche Observatoire international des prisons, les crânes",1995,Oui,Sans Serif,Paris,48.8661,5.3508,48.8661 5.3508,#181818,," 24, 24, 24"
,227,Affiche Visage,1995,Oui,Sans Serif,Paris,48.8662,5.3508,48.8662 5.3508,#181818,," 24, 24, 24"
,228,Affiche Les lieux de la foi,1996,Oui,Serif,Paris,48.8663,5.3508,48.8663 5.3508,#0,," 0, 0, 0"
,229,Affiche Le démon du passage,1995,Non,Null,Rennes,48.1147,-1.6794,48.1147 -1.6794,#484979,," 72, 73, 121"
,230,Affiche Le démon du passage,1995,Non,Null,Rennes,48.1147,-1.6794,48.1147 -1.6794,#BF902F,," 191, 144, 47"
,231,Affiche Le démon du passage,1995,Oui,Serif,Rennes,48.1147,-1.6794,48.1147 -1.6794,#D8D8D8,," 216, 216, 216"
,232,Affiche Le démon du passage,1995,Non,Null,Rennes,48.1147,-1.6794,48.1147 -1.6794,#A8A890,," 168, 168, 144"
,233,Affiche Le démon du passage,1995,Non,Null,Rennes,48.1147,-1.6794,48.1147 -1.6794,#D8D8D8,," 216, 216, 216"
,234,Affiche Le démon du passage,1995,Non,Null,Rennes,48.1147,-1.6794,48.1147 -1.6794,#171730,," 23, 23, 48"
,235,Affiche Le démon du passage,1995,Non,Null,Rennes,48.1147,-1.6794,48.1147 -1.6794,#181818,," 24, 24, 24"
,236,"Affiche La loi II, Notre-Dame de Paris",1996,Oui,Serif,Paris,48.8652,4.3508,48.8652 4.3508,#496060,," 73, 96, 96"
,237,Affiche Petit bonhomme,1995,Oui,Sans Serif,Paris,48.8653,4.3508,48.8653 4.3508,#181818,," 24, 24, 24"
,238,Identité graphique Etude pour la Célébration de l'an 2000,1997,Oui,Sans Serif,Paris,48.8654,4.3508,48.8654 4.3508,#D8D8D8,," 216, 216, 216"
,239,Affiche Nord Sud,1991,Oui,Sans Serif,Paris,48.8655,4.3508,48.8655 4.3508,#D8D860,," 216, 216, 96"
,240,Affiche On va gagner !,1991,Oui,Sans Serif,Paris,48.8656,4.3508,48.8656 4.3508,#181818,," 24, 24, 24"
,241,Affiche La France me mérite-t-elle ?,1993,Oui,Sans Serif,Paris,48.8657,5.3508,48.8657 5.3508,#D8D8D8,," 216, 216, 216"
,242,Affiche Femmes et Sport,1999,Oui,Divers,Paris,48.8658,5.3508,48.8658 5.3508,#D8D8D8,," 216, 216, 216"
,243,Affiche Kishida,1994,Oui,Divers,Paris,48.8659,5.3508,48.8659 5.3508,#D8D8D8,," 216, 216, 216"
,244,Affiche Les Modernes,1992,Oui,Divers,Paris,48.8660,5.3508,48.8660 5.3508,#786049,," 120, 96, 73"
,245,Affiche Zone Art,1997,Oui,Serif,Paris,48.8661,5.3508,48.8661 5.3508,#D8D8D8,," 216, 216, 216"
,246,Affiche Zone Art,1997,Oui,Sans Serif,Paris,48.8662,5.3508,48.8662 5.3508,#D8D8D8,," 216, 216, 216"
,247,Affiche Zone Art,1997,Oui,Sans Serif,Paris,48.8663,5.3508,48.8663 5.3508,#D8D8D8,," 216, 216, 216"
,248,Affiche Zone Art,1997,Oui,Sans Serif,Paris,48.8664,5.3508,48.8664 5.3508,#F1F0F0,," 241, 240, 240"
,249,Etude pour la Célébration du premier siècle du cinéma,1995,Non,Null,Paris,48.8665,5.3508,48.8665 5.3508,#0,," 0, 0, 0"
,250,"Affiche Hommage à Franck Wright, Heinbach Haus Schönblick. 14.7.90",1990,Oui,Divers,Starsbourg,48.582325,7.750871,48.582325 7.750871,#0,," 0, 0, 0"
,251,Affiche Kammermusiksaal Matthai Kirchstrasse 19.12.90,1990,Oui,Divers,Starsbourg,48.582325,7.750871,48.582325 7.750871,#1B0C0C,,"27, 12, 12"
,252,Affiche Free music. Aranxchesiesrun Stadtgarten. 17.11.91,1991,Oui,Sans Serif,Starsbourg,48.582325,7.750871,48.582325 7.750871,#F1F0F0,," 241, 240, 240"
,253,Affiche Free music. Kammermusiksaal Matthaikirchstr. 11.1.92,1992,Oui,Divers,Starsbourg,48.582325,7.750871,48.582325 7.750871,#D83327,," 216, 51, 39"
,254,"Affiche Ar. Penck in Baden-Baden. Konzert. Pavillon Alter Bahnhof, 15.8.92",1992,Oui,Divers,Starsbourg,48.582325,7.750871,48.582325 7.750871,#F1F0F0,," 241, 240, 240"
,255,"Affiche Konzert Ar. Penck, Hachmeister Galerie Münster Klosterstr. 12, 9.10.92",1992,Oui,Sans Serif,Starsbourg,48.582325,7.750871,48.582325 7.750871,#F1F0F0,," 241, 240, 240"
,256,Affiche Croix rouge,1995,Oui,Serif,Paris,48.8652,4.3508,48.8652 4.3508,#D7C0A8,," 215, 192, 168"
,257,"Etude pour une affiche ""Les années Rimbaud""",1991,Non,Null,Paris,48.8653,4.3508,48.8653 4.3508,#909079,," 144, 144, 121"
,258,Affiche Double texture,1995,Non,Null,Paris,48.8654,4.3508,48.8654 4.3508,#D8D8D8,," 216, 216, 216"
,259,Affiche Sans titre,1996,Non,Null,Paris,48.8655,4.3508,48.8655 4.3508,#909090,," 144, 144, 144"
,260,Affiche Salon international de l'Architecture,1990,Oui,Sans Serif,Paris,48.8656,4.3508,48.8656 4.3508,#6078A9,," 96, 120, 169"
,261,Affiche Salon international de l'architecture,1992,Oui,Sans Serif,Paris,48.8657,5.3508,48.8657 5.3508,#493078,," 73, 48, 120"
,262,Affiche Faites de la musique,1994,Oui,Sans Serif,Paris,48.8658,5.3508,48.8658 5.3508,#484831,," 72, 72, 49"
,263,Affiche Bonjour voisin !,1994,Oui,Divers,Paris,48.8659,5.3508,48.8659 5.3508,#487848,," 72, 120, 72"
,264,Affiche pour la fête de la musique,1994,Oui,Divers,Paris,48.8660,5.3508,48.8660 5.3508,#904830,," 144, 72, 48"
,265,Affiche pour la fête de la musique,1994,Oui,Divers,Paris,48.8661,5.3508,48.8661 5.3508,#D8D8D8,," 216, 216, 216"
,266,Affiche Festival du Livre,1995,Oui,Divers,Paris,48.8662,5.3508,48.8662 5.3508,#487848,," 72, 120, 72"
,267,Affiche Denise (fond orange),1995,Oui,Divers,Paris,48.8663,5.3508,48.8663 5.3508,#C0A860,," 192, 168, 96"
,268,Affiche Denise (fond vert),1995,Oui,Divers,Paris,48.8664,5.3508,48.8664 5.3508,#78A890,," 120, 168, 144"
,269,Affiche Denise (fond violet),1995,Oui,Divers,Paris,48.8665,5.3508,48.8665 5.3508,#606091,," 96, 96, 145"
,270,"Affiche Graphisme dans la rue, Ville de Fontenay-sous-Bois",1996,Non,Null,Paris,48.8666,5.3508,48.8666 5.3508,#0C4978,," 12, 73, 120"
,271,Affiche 14 juillet,1996,Oui,Divers,Paris,48.8667,5.3508,48.8667 5.3508,#EF3936,," 239, 57, 54"
,272,Affiche La baleine,1996,Oui,Divers,Paris,48.8668,5.3508,48.8668 5.3508,#304890,," 48, 72, 144"
,273,"Affiche Graphisme dans la rue, ville de Fontenay-sous-Bois",1996,Non,Null,Paris,48.8669,5.3508,48.8669 5.3508,#18498F,," 24, 73, 143"
,274,Affiche Ateliers ouverts 96,1996,Oui,Sans Serif,Paris,48.8670,5.3508,48.8670 5.3508,#D86030,," 216, 96, 48"
,275,Affiche Chaumont jeux de lettres,1997,Oui,Sans Serif,Paris,48.8671,5.3508,48.8671 5.3508,#4861A8,," 72, 97, 168"
,276,Affiche Janvier 98 à Saint-Denis,1998,Oui,Sans Serif,Paris,48.8672,5.3508,48.8672 5.3508,#C0A8A8,," 192, 168, 168"
,277,Affiche Fête des tulipes,1998,Oui,Sans Serif,Paris,48.8673,5.3508,48.8673 5.3508,#489047,," 72, 144, 71"
,278,Affiche Bonne année 1999,1999,Oui,Sans Serif,Paris,48.8674,5.3508,48.8674 5.3508,#474991,," 71, 73, 145"
,279,Affiche Quarez affiches etc.,1999,Oui ,Sans Serif,Paris,48.8675,5.3508,48.8675 5.3508,#A94830,," 169, 72, 48"
,280,Affiche Cœur,1995,Oui,Sans Serif,Paris,48.8676,5.3508,48.8676 5.3508,#78491D,," 120, 73, 29"
,281,Affiche Orpheus Eurydike,1998,Oui,Serif,Paris,48.8677,5.3508,48.8677 5.3508,#484849,," 72, 72, 73"
,282,Identité graphique Details are not details,1990,Oui,Serif,Paris,48.8678,5.3508,48.8678 5.3508,#D8D8D8,," 216, 216, 216"
,283,Identité graphique Bodoni Manual,1990,Oui,Serif,Paris,48.8679,5.3508,48.8679 5.3508,#484849,," 72, 72, 73"
,284,Identité graphique IBM-Quality,1990,Oui,Sans Serif ,Paris,48.8680,5.3508,48.8680 5.3508,#606060,," 96, 96, 96"
,285,Affiche IBM 75,1990,Oui,Sans Serif ,Paris,48.8681,5.3508,48.8681 5.3508,#181818,," 24, 24, 24"
,286,Affiche IBM S/390 A New Era Begins,1990,Oui,Sans Serif,Paris,48.8682,5.3508,48.8682 5.3508,#181818,," 24, 24, 24"
,287,Packaging IBM PS/2 Color Display 8513,1990,Oui,Serif,Paris,48.8683,5.3508,48.8683 5.3508,#A87847,," 168, 120, 71"
,288,Identité graphique Rapport annuel IBM,1991,Oui,Serif,Paris,48.8684,5.3508,48.8684 5.3508,#F1F0F0,," 241, 240, 240"
,289,Affiche Trois portraits,1995,Oui,Sans Serif,Paris,48.8685,5.3508,48.8685 5.3508,#181818,," 24, 24, 24"
,290,Vos Yeux n'ont jamais vu. La vie est belle,1996,Non,Null,Paris,48.8686,5.3508,48.8686 5.3508,#A9A8A9,," 169, 168, 169"
,291,Affiche Sans titre,1996,Oui,Divers,Paris,48.8687,5.3508,48.8687 5.3508,#C0905F,," 192, 144, 95"
,292,Affiche A qui aurez-vous le plus souvent à faire ?,1996,Oui,Sans Serif,Paris,48.8688,6.3508,48.8688 6.3508,#F1F0F0,," 241, 240, 240"
,293,Poster Objects,1991,Oui,Sans Serif,Angoulême,45.650002,0.160000,45.650002 0.160000,#F1F0F0,," 241, 240, 240"
,294,Affiche Bocanada,1994,Non,Null,Metz,49.11911,6.17269,49.11911 6.17269,#1B0C0C,,"27, 12, 12"
,295,Affiche Bocanada,1994,Non,Null,Metz,49.11911,6.17269,49.11911 6.17269,#1B0C0C,,"27, 12, 12"
,296,Affiche Bocanada,1994,Non,Null,Metz,49.11911,6.17269,49.11911 6.17269,#1B0C0C,,"27, 12, 12"
,297,Affiche Bocanada,1994,Non,Null,Metz,49.11911,6.17269,49.11911 6.17269,#1B0C0C,,"27, 12, 12"
,298,Affiche Bocanada,1994,Non,Null,Metz,49.11911,6.17269,49.11911 6.17269,#1B0C0C,,"27, 12, 12"
,299,Affiche Bocanada,1994,Non,Null,Metz,49.11911,6.17269,49.11911 6.17269,#D8C0C0,," 216, 192, 192"
,300,Affiche Bocanada,1994,Non,Null,Metz,49.11911,6.17269,49.11911 6.17269,#1B0C0C,,"27, 12, 12"
,301,Affiche Bocanada,1994,Non,Null,Metz,49.11911,6.17269,49.11911 6.17269,#1B0C0C,,"27, 12, 12"
,302,Affiche Bocanada,1994,Non,Null,Metz,49.11911,6.17269,49.11911 6.17269,#1B0C0C,,"27, 12, 12"
,303,Affiche Bocanada,1994,Non,Null,Metz,49.11911,6.17269,49.11911 6.17269,#2F1C0E,," 47, 28, 14"
,304,Affiche Bocanada,1994,Non,Null,Metz,49.11911,6.17269,49.11911 6.17269,#1B0C0C,,"27, 12, 12"
,305,Affiche Bocanada,1994,Non,Null,Metz,49.11911,6.17269,49.11911 6.17269,#1D1D10,," 29, 29, 16"
,306,"Affiche Festival d'affiches de Chaumont, 2 - 3 juin 1990",1990,Oui,Sans Serif,Paris,48.8652,4.3508,48.8652 4.3508,#D7C027,," 215, 192, 39"
,307,Affiche Promenade litorale,1993,Oui,Sans Serif,Paris,48.8652,4.3508,48.8652 4.3508,#8FA7BF,," 143, 167, 191"
,308,Octopus waiting for someone with a dog and a bear,1999,Oui,Sans Serif,Paris,48.8652,4.3508,48.8652 4.3508,#C0C0C0,," 192, 192, 192"
,309,Affiche Mon général,1996,Oui,Sans Serif,Paris,48.8652,4.3508,48.8652 4.3508,#D8D8C0,," 216, 216, 192"
,310,Affiche Banane,1990,Oui,Divers,Limoges,45.835300,1.262500,45.835300 1.262500,#F1F0F0,," 241, 240, 240"
,311,"Affiche Brandenburger Tor, Rückseite
(La porte de Brandburg, l'envers du décor)",1990,Non,Null,Limoges,45.835300,1.262500,45.835300 1.262500,#181818,," 24, 24, 24"
,312,"Affiche Komm inst offene, Freund
(Entre dans l'ouverture, l'ami)",1991,Oui,Sans Serif,Limoges,45.835300,1.262500,45.835300 1.262500,#181818,," 24, 24, 24"
,313,"Affiche Nord-Süd-Gefälle
(L'écart Nord-Sud)",1991,Oui,Sans Serif,Limoges,45.835300,1.262500,45.835300 1.262500,#FFFFFF,," 255, 255, 255"
,314,"Affiche Arkteneinsicht
(Accès aux dossiers)",1992,Oui,Serif,Limoges,45.835300,1.262500,45.835300 1.262500,#181818,," 24, 24, 24"
,315,"Affiche Geheimnisverrat
(Divulgation d'un secret d'Etat)",1992,Oui,Serif,Limoges,45.835300,1.262500,45.835300 1.262500,#29388A,," 41, 56, 138"
,316,"Affiche Ich sehe fern
(Je regarde loin/je regarde la télévision)",1992,Oui,Sans Serif,Limoges,45.835300,1.262500,45.835300 1.262500,#0,," 0, 0, 0"
,317,"Affiche Saubere Energie aus der Steckdose
(L'énergie propre de la prise de courant)",1992,Oui,Sans Serif,Limoges,45.835300,1.262500,45.835300 1.262500,#F1F0F0,," 241, 240, 240"
,318,"Affiche Kultur gegen Gewalt
(Culture contre violence)",1992,Oui,Sans Serif,Limoges,45.835300,1.262500,45.835300 1.262500,#F1F0F0,," 241, 240, 240"
,319,"Affiche Ich bin stolz, ein Deutscher zu sein
(Je suis fière d'être un Allemand)",1993,Oui,Divers,Limoges,45.835300,1.262500,45.835300 1.262500,#0,," 0, 0, 0"
,320,"Affiche Freizeitpark Deutschland
(Parc d'attraction Allemagne)",1993,Oui,Divers,Limoges,45.835300,1.262500,45.835300 1.262500,#C0A930,," 192, 169, 48"
,321,Affiche Sarajewo,1994,Oui,Sans Serif,Limoges,45.835300,1.262500,45.835300 1.262500,#181818,," 24, 24, 24"
,322,Affiche Coca-Cola,1994,Oui,Divers,Limoges,45.835300,1.262500,45.835300 1.262500,#0,," 0, 0, 0"
,323,"Affiche Tendenz steigend
(Tendance à la hausse)",1995,Oui,Divers,Limoges,45.835300,1.262500,45.835300 1.262500,#0,," 0, 0, 0"
,324,"Affiche Die selbstbewusste Nation
(La nation sûre d'elle-même)",1995,Oui,Divers,Limoges,45.835300,1.262500,45.835300 1.262500,#0,," 0, 0, 0"
,325,"Affiche Uniwersität
(L'Allemagne comme lieu d'implantation d'industries)",1996,Oui,Sans Serif,Limoges,45.835300,1.262500,45.835300 1.262500,#1A301B,," 26, 48, 27"
,326,"Affiche Der grosse Lauschangriff
(Les grandes écoutes sauvages)",1996,Oui,Serif,Limoges,45.835300,1.262500,45.835300 1.262500,#ED1F24,," 237, 31, 36"
,327,"Affiche Uniwersität
(Université)",1997,Oui,Sans Serif,Limoges,45.835300,1.262500,45.835300 1.262500,#602160,," 96, 33, 96"
,328,"Affiche Zugang zum Infohighway
(Accès à l'autoroute de l'information)",1997,Oui,Sans Serif,Limoges,45.835300,1.262500,45.835300 1.262500,#181818,," 24, 24, 24"
,329,"Affiche Öffentliches Streichkonzert
(Concert public d'instrument à cordes)",1997,Oui,Divers,Limoges,45.835300,1.262500,45.835300 1.262500,#303030,," 48, 48, 48"
,330,Affiche Eurovision,1998,Oui,Sans Serif,Limoges,45.835300,1.262500,45.835300 1.262500,#0,," 0, 0, 0"
,331,Affiche Witche's Valley Saloon,1995,Non,Null,Corte,42.309410,9.149022,42.309410 9.149022,#C0C0A8,," 192, 192, 168"
,332,Affiche Superflex Meeting,1994,Oui,Sans Serif,Paris,48.8652,4.3508,48.8652 4.3508,#C1A991,," 193, 169, 145"
,333,Affiche Superflex Music,1996,Oui,Sans Serif,Paris,48.8652,4.3508,48.8652 4.3508,#A87860,," 168, 120, 96"
,334,Affiche Biogas - don't Waste Waste,1996,Oui,Sans Serif,Paris,48.8652,4.3508,48.8652 4.3508,#C0C0C0,," 192, 192, 192"
,335,Affiche Superchannel,1999,Oui,Sans Serif,Paris,48.8652,4.3508,48.8652 4.3508,#F06048,," 240, 96, 72"
,336,Graphic Design Today,1990,Oui,Sans Serif,Paris,48.8652,4.3508,48.8652 4.3508,#D8D8C0,," 216, 216, 192"
,337,Affiche Peace,1992,Oui,Sans Serif,Paris,48.8652,4.3508,48.8652 4.3508,#D8D8D8,," 216, 216, 216"
,338,Affiche Res publica,1992,Oui,Sans Serif,Paris,48.8652,4.3508,48.8652 4.3508,#A86048,," 168, 96, 72"
,339,Identité graphique Etude pour la Célébration de l'an 2000,1997,Oui,Serif,Paris,48.8652,4.3508,48.8652 4.3508,#A86048,," 168, 96, 72"
,340,"Affiche Centraal Museum, Open",1999,Oui,Sans Serif,Paris,48.8652,4.3508,48.8652 4.3508,#C0A8A8,," 192, 168, 168"
,341,Affiche Centraal Museum Open,1999,Oui,Sans Serif,Paris,48.8652,4.3508,48.8652 4.3508,#303030,," 48, 48, 48"
,342,Affiche Body,1995,Oui,Serif,Paris,48.8652,4.3508,48.8652 4.3508,#F1F0F0,," 241, 240, 240"
,343,L’école des loisirs,1990,Oui,Divers,Strasbourg,48.582325,7.750871,48.582325 7.750871,#D8D8A9,," 216, 216, 169"
,344,L'école des loisirs,1990,Oui,Divers,Strasbourg,48.582325,7.750871,48.582325 7.750871,#0,," 0, 0, 0"
,345,Affiche,1990,Oui,Divers,Strasbourg,48.582325,7.750871,48.582325 7.750871,#303018,," 48, 48, 24"
,346,Jedes diogenes Buch ist eine Reise,1991,Oui,Sans Serif,Strasbourg,48.582325,7.750871,48.582325 7.750871,#181818,," 24, 24, 24"
,347,Jedes Diogenes Buch ist eine Reise,1991,Oui,Sans Serif,Strasbourg,48.582325,7.750871,48.582325 7.750871,#F0D8D7,," 240, 216, 215"
,348,"Affiche Babylone, le troisième palais de Naram-Sin",1996,Non,Null,Paris,48.8652,4.3508,48.8652 4.3508,#0,," 0, 0, 0"
,349,Etude d'une affiche pour le Festival d'Avignon,1998,Oui,Sans Serif,Paris,48.8652,4.3508,48.8652 4.3508,#2F1818,," 47, 24, 24"
,350,Affiche Design automobile,1990,Oui,Divers,Paris,48.8652,4.3508,48.8652 4.3508,#C02026,," 192, 32, 38"
,351,Affiche Londres : images et objets du nouveau design,1990,Oui,Divers,Paris,48.8652,4.3508,48.8652 4.3508,#303030,," 48, 48, 48"
,352,Affiche Design finlandais,1990,Oui,Divers,Paris,48.8652,4.3508,48.8652 4.3508,#C0C0D7,," 192, 192, 215"
,353,Affiche Alvaro Siza. Architecture 1980-1990,1990,Oui ,Divers,Paris,48.8652,4.3508,48.8652 4.3508,#C0C0C0,," 192, 192, 192"
,354,Affiche Raymond Loewy : un pionnier du design américain,1990,Oui,Divers,Paris,48.8652,4.3508,48.8652 4.3508,#FED800,," 254, 216, 0"
,355,Affiche Jean Prouvé constructeur,1990,oui,Divers,Paris,48.8652,4.3508,48.8652 4.3508,#181818,," 24, 24, 24"
,356,Affiches de pub à Tokyo,1990,Oui,Divers,Paris,48.8652,4.3508,48.8652 4.3508,#0,," 0, 0, 0"
,357,"Affiche Josep Maria Jujol, architecte 1879-1949",1990,Oui,Divers,Paris,48.8652,4.3508,48.8652 4.3508,#D89046,," 216, 144, 70"
,358,"Affiche Capitales européennes du nouveau design, Düsseldorf, Barcelone, Paris, Milan",1991,Oui,Divers,Paris,48.8652,4.3508,48.8652 4.3508,#2F1818,," 47, 24, 24"
,359,"Affiche Aldo Rossi par Aldo Rossi, architecte",1991,Oui,Serif,Paris,48.8652,4.3508,48.8652 4.3508,#D8D8D8,," 216, 216, 216"
,360,Affiche Marcel Lods 1891-1978 : photographies d'architecte,1991,Oui,Divers,Paris,48.8652,4.3508,48.8652 4.3508,#181818,," 24, 24, 24"
,361,Affiche Robert Wilson Mr Bojangles,1991,Oui,Divers,Paris,48.8652,4.3508,48.8652 4.3508,#181818,," 24, 24, 24"
,362,Jeu de paume Dubuffet,1991,Oui,Divers,Paris,48.8652,4.3508,48.8652 4.3508,#181818,," 24, 24, 24"
,363,Franck O Gehry,1991,Oui,Sans Serif,Paris,48.8652,4.3508,48.8652 4.3508,#181818,," 24, 24, 24"
,364,Affiche Dubuffet,1991,Oui,Sans Serif,Paris,48.8652,4.3508,48.8652 4.3508,#181818,," 24, 24, 24"
,365,"Affiche Louis  I. Kahn, le monde de l'architecte",1992,Oui,Divers,Paris,48.8652,4.3508,48.8652 4.3508,#F1F0F0,," 241, 240, 240"
,366,"Affiche Cubismes Tchèques Architecture, design, arts plastiques",1992,Oui,Divers,Paris,48.8652,4.3508,48.8652 4.3508,#303030,," 48, 48, 48"
,367,Construire le ciel Coop Himmelblau,1992,Oui,Divers,Paris,48.8652,4.3508,48.8652 4.3508,#A9D8F0,," 169, 216, 240"
,368,Affiche Manifeste 30 ans de création en perspective 1960-1990,1992,Oui,Divers,Paris,48.8652,4.3508,48.8652 4.3508,#D8D8D8,," 216, 216, 216"
,369,Affiche Manifeste 30 ans de création en perspective 1960-1990,1992,Oui,Divers,Paris,48.8652,4.3508,48.8652 4.3508,#D8D8D8,," 216, 216, 216"
,370,Affiche Ecrans hongrois,1992,Oui,Sans Serif,Paris,48.8652,4.3508,48.8652 4.3508,#2F1818,," 47, 24, 24"
,371,Tadao Ando,1993,Oui,Divers,Paris,48.8652,4.3508,48.8652 4.3508,#797979,," 121, 121, 121"
,372,Affiche Takis,1993,Oui,Sans Serif,Paris,48.8652,4.3508,48.8652 4.3508,#909090,," 144, 144, 144"
,373,Visions Urbaines La ville,1994,Oui,Divers,Paris,48.8652,4.3508,48.8652 4.3508,#616078,," 97, 96, 120"
,374,Identité graphique Etude pour la Célébration de l'an 2000,1997,Oui,Sans Serif,Paris,48.8652,4.3508,48.8652 4.3508,#D8D8D8,," 216, 216, 216"
,375,Affiche Milk chocolate,1995,Oui,Sans Serif,Paris,48.8652,4.3508,48.8652 4.3508,#181818,," 24, 24, 24"
,376,Affiche Rencontre des arts graphiques de Chaumont,1994,Oui,Sans Serif,Paris,48.8652,4.3508,48.8652 4.3508,#181818,," 24, 24, 24"
,377,Affiche pour la fête de la musique,1998,Oui,Divers,Paris,48.8652,4.3508,48.8652 4.3508,#D8D8D8,," 216, 216, 216"
,378,Affiche pour la fête de la musique,1998,Oui,Divers,Paris,48.8652,4.3508,48.8652 4.3508,#F1F0F0,," 241, 240, 240"
,379,Affiche pour la fête de la musique,1998,Oui,Divers,Paris,48.8652,4.3508,48.8652 4.3508,#D8D8D8,," 216, 216, 216"
,380,Affiche Etude pour la fête de la musique,1998,Oui,Divers,Paris,48.8652,4.3508,48.8652 4.3508,#C0C0C0,," 192, 192, 192"
,381,Affiche pour la fête de la musique,1990,Oui,Divers,Paris,48.8652,4.3508,48.8652 4.3508,#F0F0D9,," 240, 240, 217"
,382,Affiche pour la fête de la musique,1990,Oui,Sans Serif,Paris,48.8652,4.3508,48.8652 4.3508,#D8D8D8,," 216, 216, 216"
,383,Affiche Signes,1995,Oui,Sans Serif,Paris,48.8652,4.3508,48.8652 4.3508,#181818,," 24, 24, 24"
,384,Affiche Impression Expression,1997,Non,Null,Paris,48.8652,4.3508,48.8652 4.3508,#181818,," 24, 24, 24"
,,,,,,,,, ,,,
,,,,,,,,, ,,,